<?xml version="1.0" encoding="UTF-8"?>
<!DOCTYPE mapper PUBLIC "-//mybatis.org//DTD Mapper 3.0//EN"
        "http://mybatis.org/dtd/mybatis-3-mapper.dtd">
<mapper namespace="com.example.textspring.mapper.UserMapper">
    <!--    分页+条件查询-->
    <select id="selectPageWithParam" resultType="com.example.textspring.entity.User">
        select * from user
        <include refid="condition"></include>
        limit #{pagenum},#{pagesize}
    </select>

    <!--    查询满足条件的用户总数-->
    <select id="selectTotalWithParam" resultType="java.lang.Integer">
        select count(*) from user
        <include refid="condition"></include>
    </select>

    <!--    查询条件-->
    <sql id="condition">
        <where>
            1=1
            <if test="username != null and username != ''">
                and user_name like concat("%",#{username},"%")
            </if>
        </where>
    </sql>
</mapper>
