<?xml version="1.0" encoding="UTF-8"?>
<!DOCTYPE mapper PUBLIC "-//mybatis.org//DTD Mapper 3.0//EN"
        "http://mybatis.org/dtd/mybatis-3-mapper.dtd">
<mapper namespace="com.web.web.mapper.changeorder">
    <update id="update">
        update orders
        <set>
            <if test="user_id != null">
                user_id = #{user_id},
            </if>
            <if test="food_id != null">
                food_id = #{food_id},
            </if>
            <if test="numbers != null">
                numbers = #{numbers},
            </if>
            <if test="worker_id != null">
                worker_id = #{worker_id},
            </if>
            <if test="order_state != null">
                order_state = #{order_state}
            </if>
        </set>
        <where>
            order_id = #{order_id}
        </where>
    </update>
</mapper>