<?xml version="1.0" encoding="UTF-8"?>
<!DOCTYPE mapper PUBLIC "-//mybatis.org//DTD Mapper 3.0//EN"
        "http://mybatis.org/dtd/mybatis-3-mapper.dtd">
<mapper namespace="com.example.springboot.mapper.UserMapper">
    <resultMap id="Record" type="com.example.springboot.entity.user">
        <id property="user_id" column="user_id"/>
        <result property="user_account" column="user_account"/>
        <result property="user_name" column="user_name"/>
        <result property="user_password" column="user_password"/>
        <result property="user_root" column="user_root"/>

    </resultMap>
    <select id="finduser" resultMap="Record">
        select * from user where user_id = #{user_id}
    </select>
</mapper>
